Algorithm,Feature Set,Accuracy,Precision,Recall,F1 Score,ROC AUC,CV Accuracy,Training Time
SVC,Full Features,0.793470546,0.650909091,0.478609626,0.551617874,0.790906508,0.798898189,5.20195055
SVC,RFE Features,0.784244145,0.633587786,0.443850267,0.522012579,0.797902297,0.790023341,4.668997765
DecisionTreeClassifier,RFE Features,0.737402413,0.505319149,0.50802139,0.506666667,0.669415381,0.727723361,0.031676769
DecisionTreeClassifier,Full Features,0.730305181,0.492385787,0.518716578,0.505208333,0.662525511,0.737307112,0.045050621
